-- phpMyAdmin SQL Dump
-- version 3.4.10.1
-- http://www.phpmyadmin.net
--
-- 主機: localhost
-- 產生日期: 2013 年 12 月 05 日 17:26
-- 伺服器版本: 5.0.22
-- PHP 版本: 5.2.17

SET SQL_MODE="NO_AUTO_VALUE_ON_ZERO";
SET time_zone = "+00:00";


/*!40101 SET @OLD_CHARACTER_SET_CLIENT=@@CHARACTER_SET_CLIENT */;
/*!40101 SET @OLD_CHARACTER_SET_RESULTS=@@CHARACTER_SET_RESULTS */;
/*!40101 SET @OLD_COLLATION_CONNECTION=@@COLLATION_CONNECTION */;
/*!40101 SET NAMES utf8 */;

--
-- 資料庫: `amg_potson`
--

-- --------------------------------------------------------

--
-- 表的結構 `dbd_count`
--

CREATE TABLE IF NOT EXISTS `dbd_count` (
  `dc_id` int(8) NOT NULL auto_increment,
  `dc_b` int(5) NOT NULL,
  `dc_d` int(5) NOT NULL,
  `dc_date` date NOT NULL,
  PRIMARY KEY  (`dc_id`)
) ENGINE=MyISAM DEFAULT CHARSET=utf8 AUTO_INCREMENT=244 ;

--
-- 轉存資料表中的資料 `dbd_count`
--

INSERT INTO `dbd_count` (`dc_id`, `dc_b`, `dc_d`, `dc_date`) VALUES
(222, 18, 0, '2013-12-02'),
(221, 0, 7, '2013-12-02'),
(220, 13, 0, '2013-12-02'),
(219, 14, 0, '2013-12-02'),
(218, 14, 0, '2013-12-02'),
(217, 14, 0, '2013-12-02'),
(216, 6, 0, '2013-11-29'),
(215, 0, 7, '2013-11-29'),
(214, 9, 0, '2013-11-29'),
(213, 4, 0, '2013-11-29'),
(212, 4, 0, '2013-11-29'),
(211, 4, 0, '2013-11-29'),
(210, 0, 7, '2013-11-29'),
(209, 11, 0, '2013-11-29'),
(208, 0, 18, '2013-11-29'),
(207, 19, 0, '2013-11-29'),
(206, 6, 0, '2013-11-29'),
(205, 6, 0, '2013-11-29'),
(204, 6, 0, '2013-11-29'),
(203, 6, 0, '2013-11-29'),
(202, 14, 0, '2013-11-29'),
(201, 14, 0, '2013-11-29'),
(200, 6, 0, '2013-11-28'),
(199, 6, 0, '2013-11-28'),
(198, 0, 18, '2013-11-28'),
(197, 19, 0, '2013-11-28'),
(196, 10, 0, '2013-11-28'),
(195, 10, 0, '2013-11-28'),
(194, 14, 0, '2013-11-28'),
(193, 9, 0, '2013-11-28'),
(192, 0, 7, '2013-11-28'),
(191, 4, 0, '2013-11-28'),
(190, 19, 0, '2013-11-28'),
(189, 19, 0, '2013-11-28'),
(188, 19, 0, '2013-11-28'),
(187, 19, 0, '2013-11-28'),
(186, 2, 0, '2013-11-27'),
(185, 2, 0, '2013-11-27'),
(184, 2, 0, '2013-11-27'),
(183, 2, 0, '2013-11-27'),
(182, 0, 8, '2013-11-27'),
(181, 2, 0, '2013-11-27'),
(180, 0, 8, '2013-11-27'),
(179, 0, 8, '2013-11-27'),
(178, 0, 8, '2013-11-27'),
(177, 0, 9, '2013-11-27'),
(176, 0, 9, '2013-11-27'),
(175, 0, 4, '2013-11-27'),
(174, 19, 0, '2013-11-27'),
(173, 0, 12, '2013-11-27'),
(172, 19, 0, '2013-11-27'),
(171, 0, 8, '2013-11-27'),
(170, 2, 0, '2013-11-27'),
(169, 0, 8, '2013-11-26'),
(168, 2, 0, '2013-11-26'),
(167, 0, 12, '2013-11-26'),
(166, 0, 8, '2013-11-26'),
(165, 0, 8, '2013-11-26'),
(164, 0, 7, '2013-11-26'),
(163, 14, 0, '2013-11-26'),
(162, 0, 9, '2013-11-25'),
(161, 4, 0, '2013-11-25'),
(160, 0, 7, '2013-11-25'),
(159, 11, 0, '2013-11-25'),
(158, 19, 8, '2013-11-22'),
(223, 18, 0, '2013-12-02'),
(224, 0, 8, '2013-12-03'),
(225, 0, 11, '2013-12-03'),
(226, 0, 9, '2013-12-03'),
(227, 18, 0, '2013-12-03'),
(228, 11, 11, '2013-12-04'),
(229, 11, 0, '2013-12-04'),
(230, 11, 0, '2013-12-04'),
(231, 11, 18, '2013-12-04'),
(232, 11, 0, '2013-12-04'),
(233, 0, 12, '2013-12-04'),
(234, 19, 0, '2013-12-05'),
(235, 10, 0, '2013-12-05'),
(236, 6, 0, '2013-12-05'),
(237, 10, 0, '2013-12-05'),
(238, 15, 0, '2013-12-05'),
(239, 19, 0, '2013-12-05'),
(240, 0, 8, '2013-12-05'),
(241, 6, 0, '2013-12-05'),
(242, 6, 0, '2013-12-05'),
(243, 6, 0, '2013-12-05');

-- --------------------------------------------------------

--
-- 表的結構 `dbd_duty`
--

CREATE TABLE IF NOT EXISTS `dbd_duty` (
  `dd_date` date NOT NULL,
  `dl_id_1` int(8) NOT NULL,
  `dl_id_2` int(8) NOT NULL,
  `dd_code` varchar(16) NOT NULL,
  PRIMARY KEY  (`dd_date`)
) ENGINE=MyISAM DEFAULT CHARSET=utf8;

--
-- 轉存資料表中的資料 `dbd_duty`
--

INSERT INTO `dbd_duty` (`dd_date`, `dl_id_1`, `dl_id_2`, `dd_code`) VALUES
('2013-11-06', 12, 13, ''),
('2013-11-05', 10, 11, ''),
('2013-11-04', 15, 3, ''),
('2013-11-11', 19, 20, ''),
('2013-11-08', 17, 18, ''),
('2013-11-07', 14, 16, ''),
('2013-11-12', 21, 22, ''),
('2013-11-13', 23, 24, ''),
('2013-11-14', 25, 26, '6b86530de3ba0dab'),
('2013-11-15', 27, 28, 'c215bc5cf9140c77'),
('2013-11-18', 10, 11, '9fcae26054f3ea82'),
('2013-11-19', 12, 13, '183cb24a7f995854'),
('2013-11-20', 14, 16, 'ffbb4bdf922bd769'),
('2013-11-21', 17, 18, 'fcaa50c1f47597e6'),
('2013-11-22', 15, 3, 'c211de68c5025387'),
('2013-11-25', 21, 22, '2d6e9726209efaf7'),
('2013-11-26', 23, 24, '935615147b7961a6'),
('2013-11-27', 25, 26, 'd9e8dadc10df2fe5'),
('2013-11-28', 27, 28, '12b0188ae7ae9224'),
('2013-11-29', 19, 20, '1da11b8fefe99465'),
('2013-12-02', 12, 13, '2db221ed2cff38bd'),
('2013-12-03', 14, 16, '921c1a3769eddd2e'),
('2013-12-04', 17, 18, '9bf33140c4a977d1'),
('2013-12-05', 15, 3, '126c59264a38fda4'),
('2013-12-06', 11, 10, ''),
('2013-12-09', 23, 24, ''),
('2013-12-10', 25, 26, ''),
('2013-12-11', 28, 27, ''),
('2013-12-12', 19, 20, ''),
('2013-12-13', 22, 21, ''),
('2013-12-16', 14, 16, ''),
('2013-12-17', 18, 17, ''),
('2013-12-18', 15, 3, ''),
('2013-12-19', 10, 11, ''),
('2013-12-20', 12, 13, ''),
('2013-12-23', 25, 26, ''),
('2013-12-24', 27, 28, ''),
('2013-12-25', 29, 19, ''),
('2013-12-26', 21, 22, ''),
('2013-12-27', 23, 24, ''),
('2013-12-30', 17, 18, ''),
('2013-12-31', 15, 3, '');

-- --------------------------------------------------------

--
-- 表的結構 `dbd_duty_list`
--

CREATE TABLE IF NOT EXISTS `dbd_duty_list` (
  `dl_id` int(8) NOT NULL auto_increment,
  `dl_name` varchar(255) NOT NULL,
  `dl_mail` text NOT NULL,
  PRIMARY KEY  (`dl_id`)
) ENGINE=MyISAM DEFAULT CHARSET=utf8 AUTO_INCREMENT=30 ;

--
-- 轉存資料表中的資料 `dbd_duty_list`
--

INSERT INTO `dbd_duty_list` (`dl_id`, `dl_name`, `dl_mail`) VALUES
(10, '姵榛', 'frances@allmarketing.com.tw'),
(3, '士軒', 'potson@allmarketing.com.tw'),
(11, '婉菀', 'wan@allmarketing.com.tw'),
(12, '儒臻', 'polik@allmarketing.com.tw'),
(13, '建燁', 'chienyeh@allmarketing.com.tw'),
(14, '秉宏', 'ghost@hqd.com.tw'),
(15, '淑容', 'lisa@hqd.com.tw'),
(16, '心汝', 'ruru@hqd.com.tw'),
(17, '筱琪', 'dawn0607@allmarketing.com.tw'),
(18, '琮凱', 'blue56132@allmarketing.com.tw'),
(19, '順玲', 'ling@allmarketing.com.tw'),
(20, '建安', 'jobim@allmarketing.com.tw'),
(21, '俊信', 'chunhsin@allmarketing.com.tw'),
(22, '慧玲', 'evonne@allmarketing.com.tw'),
(23, '瀅如', 'ruru@allmarketing.com.tw'),
(24, '雅雯', 'april@allmarketing.com.tw'),
(25, '昱含', 'fish_lin@hqd.com.tw'),
(26, '盈菁', 'b150497@hqd.com.tw'),
(27, '怡如', 'yvette@allmarketing.com.tw'),
(28, '沛郁', 'emily@allmarketing.com.tw'),
(29, '信緩', 'rita@allmarketing.com.tw');

-- --------------------------------------------------------

--
-- 表的結構 `dbd_list`
--

CREATE TABLE IF NOT EXISTS `dbd_list` (
  `dbd_id` int(8) NOT NULL auto_increment,
  `dbd_name` varchar(255) NOT NULL,
  `dbd_price` int(5) NOT NULL,
  `dbd_content` text NOT NULL,
  `dbd_date` date NOT NULL,
  `dbd_time` time NOT NULL,
  `dbd_info` text NOT NULL,
  `dbd_type` tinyint(1) NOT NULL COMMENT '0 => 便當 , 1 => 飲料',
  `dbd_key` text NOT NULL,
  PRIMARY KEY  (`dbd_id`)
) ENGINE=MyISAM DEFAULT CHARSET=utf8 AUTO_INCREMENT=308 ;

--
-- 轉存資料表中的資料 `dbd_list`
--

INSERT INTO `dbd_list` (`dbd_id`, `dbd_name`, `dbd_price`, `dbd_content`, `dbd_date`, `dbd_time`, `dbd_info`, `dbd_type`, `dbd_key`) VALUES
(103, 'RURU', 50, '鍋貼:韓式*2咖哩*2田園*1 +酸辣湯', '2013-11-13', '10:37:24', '', 1, '055c576be252583f'),
(102, '士軒', 48, '招牌鍋貼 * 12', '2013-11-13', '10:35:05', '', 1, 'b8e2f2bed69ecd51'),
(101, '姵榛', 35, '紅茶拿鐵', '2013-11-13', '10:35:01', 'M 半糖少冰', 2, 'e159e546853e657b'),
(100, '余建燁', 63, '招牌水餃 X 14', '2013-11-13', '10:33:07', '', 1, 'cf9bad74b53f2566'),
(99, '小魚', 61, '招牌水餃 x 8  +酸辣湯 x 1', '2013-11-13', '10:30:08', '', 1, '4b53d2b15024af37'),
(98, '小樹', 25, '酸辣湯', '2013-11-13', '10:19:09', '', 1, 'fd7c24a50379660d'),
(97, '凱凱', 20, '初露青', '2013-11-13', '10:13:31', '無糖少冰', 2, '2671a45d0c7a7428'),
(96, '雅雯', 50, '田園蔬菜鍋貼5顆韓式5顆(5*10)', '2013-11-13', '10:55:06', '', 1, '1c9d688b1b53719f'),
(95, '清玉', 30, '碳培烏龍', '2013-11-12', '11:14:45', '微糖少冰', 2, '9236fe6c1a38be7f'),
(94, '士軒', 50, '燒肉便當', '2013-11-12', '10:43:38', '湯', 1, 'e62ccd121d2ca7e1'),
(93, 'RURU', 45, '觀音拿鐵*1', '2013-11-12', '10:38:08', '微糖少冰', 2, 'b002fbd8d4f65aba'),
(92, '雅雯', 50, '三杯雞便當', '2013-11-12', '10:34:02', '湯', 1, '8149b96c519956c9'),
(91, '凱凱', 35, '冰梅凍飲', '2013-11-12', '10:31:01', '八分糖少冰', 2, 'c2b15914a5c58ac9'),
(89, '小樹', 50, '肉片', '2013-11-12', '10:27:46', '不湯不飲料', 1, 'd7d1b877a37c0dd6'),
(90, '凱凱', 50, '雞腿', '2013-11-12', '10:31:01', '湯', 1, 'c2b15914a5c58ac9'),
(88, '盈菁', 50, '排骨便當', '2013-11-12', '10:27:41', '飲料', 1, '3a1e35666bfb72f4'),
(80, '俊信', 50, '燒肉', '2013-11-12', '10:01:48', '湯', 1, '097de4df41ee33a9'),
(81, '俊信', 25, '綠茶', '2013-11-12', '10:01:48', '無糖', 2, '097de4df41ee33a9'),
(82, '雅媜', 50, '燒肉', '2013-11-12', '10:02:46', '不湯不飲料', 1, '4df017c81217968e'),
(83, '雅媜', 45, '珍奶', '2013-11-12', '10:02:46', '無糖少冰', 2, '4df017c81217968e'),
(84, '小魚', 50, '排骨便當', '2013-11-12', '10:10:54', '', 1, 'a5fba70bb9b0d204'),
(85, '余建燁', 50, '雞排便當', '2013-11-12', '10:12:20', '', 1, '916bc92121b2b642'),
(86, '刀刀', 50, 'G腿便當', '2013-11-12', '10:17:41', '', 1, 'cca0b74fde3e92bb'),
(87, '小樹', 45, '優酪綠茶', '2013-11-12', '10:27:46', '無糖少冰', 2, 'd7d1b877a37c0dd6'),
(104, '盈菁', 55, '咖哩鍋貼*6+玉米濃湯', '2013-11-13', '10:37:58', '', 1, 'd6f738c01e9bee00'),
(105, 'Eddie', 27, '韭菜水餃X6', '2013-11-13', '10:48:26', '', 1, '979c83cf17610a11'),
(106, '清玉', 20, '初露青', '2013-11-13', '10:56:29', '微糖少冰', 2, 'ece16e7d919a74e8'),
(107, '士軒', 50, '滷排飯', '2013-11-14', '10:05:35', '', 1, '28ffb71fc7ca3cbf'),
(108, '建燁', 50, '滷排飯', '2013-11-14', '10:06:29', '', 1, 'cf5f32bbbeff15ea'),
(109, '盈菁', 50, '肉排飯', '2013-11-14', '10:09:56', '', 1, 'b60f6ae5ba160b1d'),
(110, '盈菁', 30, '珍珠綠', '2013-11-14', '10:09:56', '半糖去冰', 2, 'b60f6ae5ba160b1d'),
(111, '雅媜', 50, '肉排飯', '2013-11-14', '10:15:09', '', 1, '0ae8827d01bbf010'),
(112, '雅媜', 25, '蜜茶', '2013-11-14', '10:15:09', 'S 無糖少冰', 2, '0ae8827d01bbf010'),
(113, '雅雯', 55, '滷肉飯便當', '2013-11-14', '10:20:25', '', 1, 'e419834d1634035c'),
(114, '小魚(更新)', 50, '滷排飯', '2013-11-14', '10:32:18', '', 1, 'b7e43a254d0106ce'),
(115, '俊信', 60, '咖哩飯', '2013-11-14', '10:33:17', '', 1, 'c0364f842dbf6a82'),
(116, '俊信', 20, '綠茶', '2013-11-14', '10:33:17', '無糖', 2, 'c0364f842dbf6a82'),
(117, '岳朋', 75, '滷排便當', '2013-11-14', '10:35:04', '', 1, '1866e648dc056bfa'),
(118, '岳朋', 50, '漂浮咖啡', '2013-11-14', '10:35:04', '少冰半糖', 2, '1866e648dc056bfa'),
(119, 'Eddie', 55, '滷肉便當', '2013-11-14', '10:41:13', '', 1, 'e53d555c6ddfc77a'),
(120, '俊信', 30, '楊桃汁', '2013-11-15', '10:04:13', '', 2, '751a8936c8612cf3'),
(121, '士軒', 48, '招牌鍋貼 * 12', '2013-11-15', '10:05:28', '', 1, 'ea6b756e187a03aa'),
(122, '士軒', 30, '楊桃汁', '2013-11-15', '10:05:28', '', 2, 'ea6b756e187a03aa'),
(123, '筱琪', 30, '楊桃汁', '2013-11-15', '10:07:09', '"熱"~的~~', 2, 'eeac3cd550dbfcd4'),
(124, '大妞妞', 65, '招牌鍋貼x10 + 玉米濃湯', '2013-11-15', '10:10:17', '', 1, 'ae8703b338eab8e5'),
(125, '大妞妞', 250, '楊桃汁x1杯(去冰) + 楊桃原汁x1瓶', '2013-11-15', '10:10:17', '', 2, 'ae8703b338eab8e5'),
(126, '建燁', 63, '招牌水餃 X 14', '2013-11-15', '10:10:50', '', 1, '6fddb6f8d4cf6c05'),
(127, '凱凱', 30, '楊桃汁', '2013-11-15', '10:13:07', '少冰', 2, '55bf21af0469f61e'),
(128, '姵榛', 28, '招牌鍋貼7', '2013-11-15', '10:19:43', '', 1, 'cd5068c954ca7d92'),
(129, '哲邦', 27, '韭菜水餃 x 6', '2013-11-15', '10:21:30', '', 1, 'b6c6561a95f4a049'),
(130, '沛郁', 25, '酸辣湯', '2013-11-15', '10:22:48', '', 1, 'edbf60b9b65fd5f3'),
(131, '小樹', 30, '楊桃汁', '2013-11-15', '10:26:41', '熱的', 2, 'eb6d75e6d1462a65'),
(132, '雅雯', 30, '楊桃汁', '2013-11-15', '10:31:06', '熱的', 2, 'f7e0d202ecf58e78'),
(133, '婉菀', 27, '招牌水餃x6', '2013-11-15', '10:30:46', '', 1, '6977c7afb33eb839'),
(134, '雅雯', 50, '韓式泡菜鍋貼5個田園蔬菜鍋貼5個', '2013-11-15', '10:31:06', '', 1, 'f7e0d202ecf58e78'),
(135, '大妞妞', 50, '珍品排骨羹飯', '2013-11-18', '10:13:11', '', 1, '4c018577c871c9df'),
(136, '岳朋', 60, '黑胡椒雞柳排飯', '2013-11-18', '10:18:28', '', 1, '61f59b62e9bec772'),
(137, '雅雯', 60, '泰式雞肉飯', '2013-11-18', '10:20:38', '', 1, '9997a8f0efc51ee2'),
(138, '小刀', 60, '小芋墩肉飯', '2013-11-18', '10:31:47', '', 1, '4b9a3705256bead4'),
(139, '小刀', 20, '蔗香紅茶(熱)', '2013-11-18', '10:31:47', '半S', 2, '4b9a3705256bead4'),
(140, '建燁', 65, '沙拉雞腿堡飯', '2013-11-18', '10:36:45', '', 1, 'aea5f0950c4633b3'),
(141, '哲邦', 60, '泰式雞肉飯', '2013-11-18', '10:40:39', '', 1, 'b8d66138bd186206'),
(142, '雅媜', 50, '香酥雞腿飯', '2013-11-19', '10:06:58', '', 1, 'dcb8f815810147cc'),
(143, '雅媜', 40, '香草爵士冰沙', '2013-11-19', '10:06:58', '', 2, 'dcb8f815810147cc'),
(144, '雅雯', 55, '三杯雞腿丁飯', '2013-11-19', '10:09:00', '', 1, 'dd2dfc1f80c40cf9'),
(145, '建燁', 60, '現炸豬排飯', '2013-11-19', '10:11:52', '', 1, 'a517d931efab778a'),
(146, '俊信', 75, '蜜汁大雞腿飯', '2013-11-19', '10:14:12', '', 1, '1c6e3e6a663d545f'),
(147, '俊信', 20, '綠茶', '2013-11-19', '10:14:12', '無糖', 2, '1c6e3e6a663d545f'),
(148, '小樹', 50, '脆皮腿排飯', '2013-11-19', '10:22:51', '', 1, '6cc8f764b3a91c35'),
(149, '小樹', 45, '薑母奶茶', '2013-11-19', '10:22:51', '微糖，熱一點熱一點(燙~~OK)', 2, '6cc8f764b3a91c35'),
(150, '玉芳', 35, '蕃茄蜜凍飲', '2013-11-19', '10:38:00', '黃金柚子茶40(熱的）', 2, '55c0ae13300fc14b'),
(151, '士軒', 50, '脆皮腿排飯', '2013-11-19', '10:34:39', '', 1, '452e7285e75bb178'),
(152, '哲邦', 50, '脆皮腿排飯', '2013-11-19', '10:50:35', '', 1, '258ac5c48e48b5d0'),
(153, '小刀', 50, '五香排骨', '2013-11-19', '10:55:20', '', 1, '86ad95a3b8ed7df3'),
(154, '小刀', 20, '阿薩姆紅茶(熱)', '2013-11-19', '10:55:20', '半糖', 2, '86ad95a3b8ed7df3'),
(155, '俊信', 60, '醬燒雞腿飯', '2013-11-20', '10:10:36', '', 1, 'cf1f840490c77d83'),
(156, '俊信', 20, '綠茶', '2013-11-20', '10:10:36', '無糖', 2, 'cf1f840490c77d83'),
(157, '大妞妞', 20, '菜頭湯', '2013-11-20', '10:12:55', '', 1, 'a3927fd5b3b2a9f4'),
(158, '盈菁', 60, '滷排飯+油豆腐', '2013-11-20', '10:21:19', '', 1, '8a9eb0ca630ff201'),
(159, '小樹', 40, '瘦肉湯', '2013-11-20', '10:21:51', '', 1, '05717919c96b6576'),
(160, '建燁', 60, '醬燒雞腿飯', '2013-11-20', '10:26:51', '', 1, '957b0fcfaf3119ac'),
(161, '哲邦', 55, '魯肉便當', '2013-11-20', '10:27:24', '', 1, '11b27ff1227c0be2'),
(162, '雅雯', 75, '魯排便當', '2013-11-20', '10:27:41', '', 1, '692db3b4bc96b4b9'),
(163, '雅嫃', 50, '肉排飯', '2013-11-20', '10:28:46', '', 1, 'cac51fe29e46a522'),
(164, '岳朋', 60, '黑胡椒雞柳排飯', '2013-11-21', '10:11:44', '', 1, '1fcccb162ff2fbfa'),
(165, '盈菁', 50, '韓式雞肉羹飯', '2013-11-21', '10:12:13', '', 1, '8e076b4418aa4267'),
(166, '小魚', 60, '黑胡椒雞柳排飯', '2013-11-21', '10:12:47', '', 1, '1cae563fb5208615'),
(167, '小刀', 70, '鱈魚便當', '2013-11-21', '10:14:41', '', 1, '50e671b4c3600516'),
(168, '小刀', 40, '熱蔗香奶茶', '2013-11-21', '10:14:41', '微糖', 2, '50e671b4c3600516'),
(169, '建燁', 60, '蔥燒豬排飯', '2013-11-21', '10:15:53', '', 1, '7d254fe1834d46a4'),
(170, '雅雯', 60, '泰式雞肉飯', '2013-11-21', '10:28:29', '', 1, 'e79b9e46b4d6e5b4'),
(171, '俊信', 50, '韓式雞肉羹飯', '2013-11-21', '10:31:46', '', 1, 'c7cdd735786198b6'),
(172, '俊信', 25, '綠茶', '2013-11-21', '10:31:46', '無糖', 2, 'c7cdd735786198b6'),
(173, '士軒', 60, '金華燒肉飯', '2013-11-21', '10:48:53', '', 1, '50a3b24f13b939bc'),
(174, '士軒', 50, '紅茶拿鐵', '2013-11-21', '10:48:53', '冰的~ 微糖', 2, '50a3b24f13b939bc'),
(175, '雅雯', 60, '雞肉絲飯', '2013-11-22', '11:27:13', '', 1, 'e9f42f59098094cd'),
(176, '俊信', 60, '魯排飯', '2013-11-22', '11:30:46', '', 1, 'd30a3b1d1028c9dc'),
(177, '盈菁', 60, '排骨飯', '2013-11-22', '11:26:21', '', 1, '844edda69720149b'),
(178, '小刀', 50, '滷肉飯', '2013-11-22', '10:09:54', '', 1, '52fad16b8eb62f94'),
(179, '小魚', 60, '黑胡椒排骨飯', '2013-11-22', '10:10:17', '', 1, '17f96e80d73d14bd'),
(180, '岳朋', 60, '爌肉飯', '2013-11-22', '10:10:33', '', 1, 'dc1b6e0ba9f76f8c'),
(181, '婉菀', 50, '滷雞腿飯', '2013-11-22', '11:30:32', '取消', 1, 'e359353922d4f083'),
(182, '姵榛', 55, '三杯雞腿丁飯', '2013-11-22', '11:32:05', '取消喔~', 1, '9ddc13919e814855'),
(183, 'Rita(業務助理)', 60, '排骨飯', '2013-11-22', '11:27:10', '', 1, 'd5f6c03ab40e6970'),
(184, '建燁', 60, '黑胡椒排骨飯', '2013-11-22', '11:27:07', '', 1, '2f5a0fc3e423f430'),
(185, '士軒', 50, '滷肉飯', '2013-11-22', '11:33:40', '', 1, 'd3d0ed481764886e'),
(186, '小魚', 30, '楊桃汁', '2013-11-22', '10:38:28', '熱的感謝', 2, 'd301f0c1658ef8ed'),
(187, '士軒', 30, '楊桃汁', '2013-11-22', '11:33:40', '', 2, 'd3d0ed481764886e'),
(188, '筱琪', 30, '楊桃汁', '2013-11-22', '10:39:21', '熱的 ~', 2, 'f3c5a01a4fed39a4'),
(189, '大妞妞', 60, '魯排飯', '2013-11-22', '11:27:39', '', 1, 'f23a423c6316d67e'),
(190, '大妞妞', 30, '楊桃汁', '2013-11-22', '11:27:39', '溫溫溫溫溫溫溫~~~的', 2, 'f23a423c6316d67e'),
(191, '雅雯', 30, '楊桃汁', '2013-11-22', '11:27:13', '熱的~', 2, 'e9f42f59098094cd'),
(192, '凱凱', 30, '楊桃汁', '2013-11-22', '10:49:31', '少冰', 2, '349863e6b748decc'),
(193, '俊信', 60, '茄汁雞肉炒飯', '2013-11-25', '10:07:47', '', 1, '947cdab35b1ea0f8'),
(194, '俊信', 20, '綠茶', '2013-11-25', '10:07:47', '無糖', 2, '947cdab35b1ea0f8'),
(195, '哲邦', 50, '餛飩湯麵', '2013-11-25', '10:14:45', '湯一半就好', 1, 'bc2ea11967feb628'),
(196, '建燁', 60, '蝦仁燴飯', '2013-11-25', '10:19:24', '', 1, 'ed4b174fbeb8e77d'),
(197, '大妞妞', 20, '紫菜蛋花湯', '2013-11-25', '10:32:46', '', 1, '4b77fb39a816f15d'),
(198, '士軒', 60, '茄汁豬肉炒飯', '2013-11-25', '10:43:47', '', 1, 'eb8a66c8826a58ac'),
(199, '筱琪', 10, '滷蛋1顆', '2013-11-25', '10:48:11', '', 1, '979bb8066d5cea39'),
(200, '盈菁', 50, '火腿炒飯', '2013-11-25', '10:50:55', '', 1, '4edb7c9cb89d1d47'),
(201, '岳朋', 60, '沙茶羊肉炒麵', '2013-11-25', '10:51:04', '', 1, 'be99d023b2238b93'),
(202, '小樹', 60, '三鮮炒飯', '2013-11-25', '10:55:43', '', 1, '123bfdc010a4a554'),
(203, '小樹', 40, '鮮薑檸檬', '2013-11-25', '10:55:43', '小，微糖', 2, '123bfdc010a4a554'),
(204, '俊信', 30, '楊桃汁', '2013-11-26', '10:02:07', '', 2, '7771066157e95e7e'),
(205, '建燁', 60, '古早味排骨飯', '2013-11-26', '10:06:51', '', 1, 'b60dd86502b0f3c7'),
(206, '小樹', 30, '楊桃汁', '2013-11-26', '10:08:16', '熱的', 2, 'b78828c720d998c1'),
(207, '筱琪', 30, '楊桃汁', '2013-11-26', '10:09:37', '熱的~', 2, '184d064e4af65479'),
(208, '大妞妞', 50, '香辣咔啦腿排飯', '2013-11-26', '10:10:04', '', 1, '65903cc745896024'),
(209, '大妞妞', 30, '楊桃汁', '2013-11-26', '10:10:04', '溫的~~~~~~~謝謝~!', 2, '65903cc745896024'),
(210, '小魚', 50, '五香排骨飯', '2013-11-26', '10:10:24', '', 1, '09a3b258eeb2a8f7'),
(211, '哲邦', 50, '脆皮腿排飯', '2013-11-26', '10:14:23', '', 1, 'cb4dced81be2ca6f'),
(212, '凱凱', 30, '楊桃汁', '2013-11-26', '10:15:17', '少冰', 2, '250a7257bc392d10'),
(213, '士軒', 50, '脆皮腿排飯', '2013-11-26', '10:17:06', '', 1, '0c454e625b1b1e90'),
(214, '殷信媛', 60, '鯖魚綜合飯', '2013-11-26', '10:18:11', '', 1, '5e67c4591d3482d1'),
(215, '雅媜', 50, '綜合套餐', '2013-11-26', '10:22:42', '', 1, '9344cc3c15e7e9f9'),
(216, '雅媜', 30, '楊桃汁', '2013-11-26', '10:22:42', '', 2, '9344cc3c15e7e9f9'),
(217, '姵榛', 30, '楊桃汁', '2013-11-26', '10:23:43', '熱的', 2, '4643d33429cad25f'),
(218, '士軒', 55, '皮蛋瘦肉粥', '2013-11-27', '10:06:30', '', 1, '7a7ee11f96337963'),
(219, '江江', 55, '皮蛋瘦肉粥', '2013-11-27', '10:10:23', '感恩^^', 1, '3df7413e1bbeaa3b'),
(220, '大妞妞', 55, '皮蛋瘦肉粥', '2013-11-27', '10:10:45', '', 1, 'aa247c24e6c55270'),
(221, '大妞妞', 30, '楊桃汁', '2013-11-27', '10:10:45', '溫的~~~謝謝', 2, 'aa247c24e6c55270'),
(222, '翁立文', 55, '皮蛋瘦肉粥', '2013-11-27', '10:12:11', '', 1, '38355c12202b2223'),
(223, '盈菁', 55, '滑蛋瘦肉粥', '2013-11-27', '10:13:23', '', 1, '20f3be2957f6fbb6'),
(224, '筱琪', 30, '楊桃汁', '2013-11-27', '10:14:28', '熱!!', 2, 'd340ad96d82356ff'),
(225, '雅玲', 90, '楊桃汁* 2杯(熱) + 楊桃汁 * 1杯(冰)', '2013-11-27', '10:21:43', '', 2, 'd0eed92e013ae865'),
(226, '哲邦', 55, '滑蛋瘦肉粥', '2013-11-27', '10:25:27', '', 1, '79b2c1c90d32ca82'),
(227, '雅雯', 30, '楊桃汁', '2013-11-27', '10:30:16', '熱的~', 2, '8bcd7c301ef97688'),
(228, '建燁', 60, '黑胡椒排骨飯', '2013-11-28', '10:05:50', '', 1, 'c2f98f5fe1c4f228'),
(229, '翁立文', 50, '滷肉飯', '2013-11-28', '10:09:31', '', 1, '1edd367a5a8ce30f'),
(230, '盈菁', 60, '魯排飯', '2013-11-28', '10:11:02', '', 1, '3f1cbbfa63160240'),
(231, '士軒', 60, '雞肉絲飯', '2013-11-28', '10:11:56', '', 1, 'b3e94ee8dbcd9300'),
(232, '大妞妞', 50, '滷肉飯', '2013-11-28', '10:13:09', '可以附湯嗎，沒有就算了沒關係，謝謝~', 1, '14ad0adcef2edaa1'),
(233, '俊信', 60, '黑胡椒排骨飯', '2013-11-28', '10:22:17', '', 1, '4708d6fa73b57653'),
(234, '小樹', 55, '鮮薑檸檬', '2013-11-28', '10:45:04', '半糖.熱一點', 2, '4dd39156c306dc95'),
(235, '小樹', 60, '雞肉絲飯', '2013-11-28', '10:45:04', '', 1, '4dd39156c306dc95'),
(236, '小魚', 60, '魯排飯', '2013-11-28', '10:52:32', '不用湯', 1, '9b1cfef06eff7877'),
(237, '岳朋', 60, '滷排飯', '2013-11-28', '10:52:34', '', 1, '714cc2566b4d3321'),
(238, '士軒', 50, '肉片便當', '2013-11-29', '10:04:38', '', 1, '8b52fa360446154e'),
(239, '俊信', 50, '雞腿', '2013-11-29', '10:04:47', '', 1, 'bd9b63c7286155e2'),
(240, '俊信', 20, '綠茶', '2013-11-29', '10:04:47', '無糖', 2, 'bd9b63c7286155e2'),
(241, '翁立文', 50, '肉片', '2013-11-29', '10:05:55', '', 1, 'b87b6b1098e9fc21'),
(242, '大妞妞', 50, '雞腿', '2013-11-29', '10:07:06', '(湯)', 1, '8368f5320f0e370c'),
(243, '建燁', 50, '雞排', '2013-11-29', '10:09:31', '', 1, '889845217d7abcab'),
(244, '哲邦', 50, '肉片', '2013-11-29', '10:10:11', '不要飲料、不要湯', 1, '367e2cf89f681fe9'),
(245, '雅媜', 50, '肉片', '2013-11-29', '10:11:52', '', 1, '96cbe433478b11c6'),
(246, '雅媜', 40, '珍奶', '2013-11-29', '10:11:52', '微S少I', 2, '96cbe433478b11c6'),
(247, '盈菁', 50, '雞排', '2013-11-29', '10:12:07', '', 1, '9abccefe9e5c79c9'),
(248, '盈菁', 25, '鐵觀音', '2013-11-29', '10:12:07', '熱、小杯、微糖', 2, '9abccefe9e5c79c9'),
(249, '婉菀', 50, '三杯雞', '2013-11-29', '10:15:25', '湯', 1, '11b85d040af71c0f'),
(250, '小樹', 50, '肉片', '2013-11-29', '10:18:40', '湯、飲料都不用', 1, '98feafa410f13a21'),
(251, '順玲', 50, '三杯雞', '2013-11-29', '10:57:24', '', 1, 'bdbefae70559c560'),
(252, '順玲', 35, '熱胚芽奶', '2013-11-29', '10:57:24', '', 2, 'bdbefae70559c560'),
(253, '建燁', 50, '脆皮腿排飯', '2013-12-02', '10:21:19', '', 1, '5404981380da63fe'),
(254, '小魚', 50, '五香排骨飯', '2013-12-02', '10:10:46', '湯飲料都不用~', 1, 'ee11a65c9c362ab8'),
(255, '雅雯', 55, '三杯雞腿丁飯', '2013-12-02', '10:16:08', '', 1, 'dedc57aafe126cef'),
(256, '哲邦', 50, '脆皮腿排飯', '2013-12-02', '10:16:26', '', 1, '70923f88f57af0f3'),
(257, '士軒', 0, '我決定了 我要取消!!!', '2013-12-02', '10:21:22', '', 1, 'd1cf05a1ecab2884'),
(258, '俊信', 65, '椒麻蝴蝶腿飯', '2013-12-02', '10:17:50', '', 1, '69a61b28c05d9871'),
(259, '俊信', 20, '綠茶', '2013-12-02', '10:17:50', '無糖 (人數不夠外送就自動取消，謝謝)', 2, '69a61b28c05d9871'),
(260, '信媛', 50, '五香排骨飯', '2013-12-02', '10:23:25', '', 1, '047468e65ca3a611'),
(261, '小樹', 55, '鮮薑檸檬', '2013-12-02', '10:58:12', '半糖-熱一點', 1, '89f5fd6fe2d026b1'),
(262, '小樹', 55, '鮮薑檸檬', '2013-12-02', '10:59:37', '半糖-熱一點', 2, '87e35d66f16b87cf'),
(263, '信媛', 60, '泰式雞肉飯', '2013-12-03', '10:14:07', '', 1, '257d8ef41c14e43b'),
(264, '雅雯', 60, '珍品排骨飯', '2013-12-03', '10:17:24', '', 1, 'd19134e68e94ef1e'),
(265, '小樹', 100, '薑汁檸檬  & 水果茶', '2013-12-03', '10:23:42', '半糖熱一點 / 微糖少冰', 2, 'ee31480777d05c2b'),
(266, '哲邦', 60, '泰式雞肉飯', '2013-12-03', '10:23:47', '', 1, '39461e3ee4fed832'),
(267, '士軒', 60, '黑胡椒滑肉販', '2013-12-03', '10:23:53', '', 1, 'eb6b029390083eff'),
(268, '盈菁', 50, '津品燒肉羹飯', '2013-12-03', '10:24:06', '', 1, '4ad71d7edde52214'),
(269, '俊信', 50, '韓式雞肉羹飯', '2013-12-03', '10:24:29', '', 1, '59c6956d88902ad8'),
(270, '俊信', 25, '綠茶', '2013-12-03', '10:24:29', '無糖', 2, '59c6956d88902ad8'),
(271, '建燁', 60, '珍品排骨飯', '2013-12-03', '10:24:43', '', 1, 'dcb33aaa4a8f9a79'),
(272, '小魚', 60, '小芋燉肉飯', '2013-12-03', '10:26:45', '', 1, 'c778cbc18831a5bb'),
(273, '雅媜', 45, '水果茶', '2013-12-03', '10:38:16', '微S少冰', 2, '28192963aede9eb4'),
(274, '清玉', 30, '碳培烏龍', '2013-12-03', '10:40:14', '微糖少冰', 2, '81976f6c6a52e580'),
(275, '俊信', 60, '茄汁雞肉炒飯', '2013-12-04', '10:45:40', '', 1, 'fa5869550523bc40'),
(276, '俊信', 20, '綠茶', '2013-12-04', '10:45:40', '無糖', 2, 'fa5869550523bc40'),
(277, '藍', 20, '文山青', '2013-12-04', '10:21:16', '無糖少冰', 2, '2ce21128acc10d67'),
(278, '大妞妞', 30, '米粉湯', '2013-12-04', '10:22:25', '', 1, 'e38b93c0ce6e4df0'),
(279, '雅雯', 55, '咖哩什錦炒麵', '2013-12-04', '10:22:25', '', 1, 'f2acea921e0457d4'),
(280, '雅媜', 60, '蝦仁燴飯', '2013-12-04', '10:44:54', '', 1, '9a8525d13200e58d'),
(281, '小樹', 60, '三鮮炒飯', '2013-12-04', '10:42:50', '', 1, 'a161c446222fd460'),
(282, '小樹', 45, '薑母桂圓', '2013-12-04', '10:42:50', 'L，半糖，請做燒一點...感謝~~', 2, 'a161c446222fd460'),
(283, '建燁', 60, '蝦仁燴飯', '2013-12-04', '10:43:45', '', 1, '8fa936fd5f821dcf'),
(284, '盈菁', 60, '三鮮炒麵', '2013-12-04', '10:43:41', '要乾的~', 1, '69a570e1f8c56c57'),
(285, '盈菁', 20, '貴妃紅茶', '2013-12-04', '10:43:41', '熱 半糖', 2, '69a570e1f8c56c57'),
(286, '士軒', 60, '茄汁豬肉炒飯', '2013-12-04', '10:41:26', '', 1, 'a7e5e82b6e6e7382'),
(287, '清玉', 20, '文山青茶', '2013-12-04', '10:26:33', '微糖少冰', 2, '5a0e159fd09aef90'),
(288, '慧玲', 40, '珍珠奶茶', '2013-12-04', '10:27:28', '熱的,半糖', 2, 'eadf32b0248ab332'),
(289, '哲邦', 50, '餛飩湯麵 ( 乾 )', '2013-12-04', '10:50:25', '乾的', 1, '0d22b55605fad06c'),
(290, '岳朋', 85, '三鮮炒飯+油豆腐湯', '2013-12-04', '10:43:51', '', 1, 'e9fd8dd4818d7f6f'),
(291, '琮凱', 30, '楊桃汁', '2013-12-05', '10:05:48', '少冰', 2, '9393e0a2f805fa98'),
(292, '俊信', 50, '肉片', '2013-12-05', '10:07:57', '', 1, 'dd805d1271b1e628'),
(293, '俊信', 30, '楊桃汁', '2013-12-05', '10:07:57', '', 2, 'dd805d1271b1e628'),
(294, '雅雯', 50, '燒肉', '2013-12-05', '10:10:23', '湯,謝謝', 1, '365ce3ec5364f85c'),
(295, '建燁', 50, '雞排', '2013-12-05', '10:11:55', '', 1, '901620ae373ba059'),
(296, '哲邦', 50, '肉片', '2013-12-05', '10:17:22', '', 1, 'e920f0c183c0794d'),
(297, '小魚', 50, '排骨', '2013-12-05', '10:18:06', '湯', 1, 'bebb842056c151cc'),
(298, '小魚', 30, '楊桃汁', '2013-12-05', '10:18:06', '熱的謝謝', 2, 'bebb842056c151cc'),
(299, '筱琪', 50, '肉片', '2013-12-05', '10:39:58', '不湯~~不飲料~~', 1, 'ff6331cd32cffc54'),
(300, '筱琪', 150, '少冰 *1     /    熱的 * 4', '2013-12-05', '10:39:58', '', 2, 'ff6331cd32cffc54'),
(301, '雅媜', 50, '雞排', '2013-12-05', '10:21:01', '', 1, '2ca67ddb0c334eb6'),
(302, '雅媜', 30, '楊桃汁', '2013-12-05', '10:21:01', '冰斗~正常', 2, '2ca67ddb0c334eb6'),
(303, '大妞妞', 50, '雞腿', '2013-12-05', '10:22:23', '附湯', 1, 'ece0b2fb65431e2a'),
(304, '大妞妞', 30, '楊桃汁', '2013-12-05', '10:22:23', '溫的~謝謝!', 2, 'ece0b2fb65431e2a'),
(305, '小樹', 50, '燒肉', '2013-12-05', '10:26:48', '湯、飲料皆不用', 1, '3bc2646c2072e54f'),
(306, '小樹', 30, '楊桃汁', '2013-12-05', '10:26:49', '熱滴唷~~', 2, '3bc2646c2072e54f'),
(307, '盈菁', 50, '排骨', '2013-12-05', '10:29:56', '飲料', 1, '6e7e20d129bba703');

-- --------------------------------------------------------

--
-- 表的結構 `dbd_record`
--

CREATE TABLE IF NOT EXISTS `dbd_record` (
  `dbd_id` int(8) NOT NULL,
  `dr_done` tinyint(1) NOT NULL,
  `dr_over` int(5) NOT NULL,
  PRIMARY KEY  (`dbd_id`)
) ENGINE=MyISAM DEFAULT CHARSET=utf8;

--
-- 轉存資料表中的資料 `dbd_record`
--

INSERT INTO `dbd_record` (`dbd_id`, `dr_done`, `dr_over`) VALUES
(134, 1, 0),
(133, 1, 0),
(130, 1, 0),
(129, 1, 0),
(128, 1, 0),
(126, 1, 0),
(124, 1, 0),
(121, 1, 0),
(132, 0, 0),
(131, 0, 0),
(127, 0, 0),
(125, 0, 0),
(123, 1, 0),
(122, 0, 0),
(120, 0, 0),
(141, 1, 0),
(140, 1, 0),
(138, 1, 0),
(137, 1, 0),
(136, 1, 0),
(135, 1, 0),
(139, 1, 0),
(163, 0, 0),
(162, 0, 0),
(161, 0, 0),
(160, 0, 0),
(159, 0, 0),
(158, 0, 0),
(157, 0, 0),
(155, 0, 0),
(156, 0, 0),
(173, 1, 0),
(171, 1, 0),
(170, 1, 0),
(169, 1, 0),
(167, 1, 0),
(166, 1, 0),
(165, 1, 0),
(164, 1, 0),
(174, 1, 0),
(172, 1, 0),
(168, 1, 0),
(226, 1, 0),
(223, 1, 0),
(222, 1, 0),
(220, 1, 0),
(219, 1, 0),
(218, 1, 0),
(227, 1, 0),
(225, 1, 0),
(224, 1, 0),
(221, 1, 0),
(235, 0, 0),
(233, 0, 0),
(232, 0, 0),
(231, 0, 0),
(230, 0, 0),
(229, 0, 0),
(228, 0, 0),
(234, 0, 0),
(251, 0, 0),
(250, 0, 0),
(249, 0, 0),
(247, 0, 0),
(245, 0, 0),
(244, 0, 0),
(243, 0, 0),
(242, 0, 0),
(241, 0, 0),
(239, 0, 0),
(238, 0, 0),
(252, 0, 0),
(248, 0, 0),
(246, 0, 0),
(240, 0, 0),
(299, 1, 0),
(307, 1, 0),
(305, 1, 0),
(303, 1, 0),
(301, 1, 0),
(297, 1, 0),
(296, 1, 0),
(295, 1, 0),
(294, 1, 0),
(292, 1, 0),
(300, 1, 0),
(306, 1, 0),
(304, 1, 0),
(302, 1, 0),
(298, 1, 0),
(293, 1, 0),
(291, 1, 0);

/*!40101 SET CHARACTER_SET_CLIENT=@OLD_CHARACTER_SET_CLIENT */;
/*!40101 SET CHARACTER_SET_RESULTS=@OLD_CHARACTER_SET_RESULTS */;
/*!40101 SET COLLATION_CONNECTION=@OLD_COLLATION_CONNECTION */;
